Eliminated Week,League,Team,Owner,Score,Cumulative Score at Elimination
4,LTS Bowl - L2,"Your Mother, Actually….",DrWraith84,120.28,608.87
4,LTS Bowl - L1,fantasyscott,fantasyscott,120.02,604.13
4,The Only Legitimate LTS Bowl League - L3,SOTBD,SOTBD,115.54,643.4300000000001
3,LTS Bowl - L4,Trailer Park Pimpin',JusCasKarDad,106.62,380.55
3,LTS Bowl - L4,The New Age Process,armandoguzman,102.62,440.48
3,LTS Bowl - L1,Becoming an LTS Bowl Bro,arthurdantas,99.28,378.19
2,The Only Legitimate LTS Bowl League - L3,39ers,tripp39,114.1,275.73
2,The Only Legitimate LTS Bowl League - L3,WilhelmTilt,ringular,110.11,268.62
2,The Only Legitimate LTS Bowl League - L3,Closet Poopers,coots1185,85.52,238.87
1,The Only Legitimate LTS Bowl League - L3,Greenhorns,D3M090,125.04,125.04
1,LTS Bowl - L2,DeadEndFriends,DeadEndFriends,110.69,110.69
1,LTS Bowl - L4,SLOPPY STEAKS,CommieEsq,96.46,96.46
