Survival Week,League,Team,Owner,Score,Cumulative Score
4,LTS Bowl - L1,Not Sure,bartonscott84,203.78,646.6
4,LTS Bowl - L4,Charity Cases,crackofdawn321,194.68,727.24
4,LTS Bowl - L4,outshine13,outshine13,190.91,640.74
4,LTS Bowl - L2,Natanab,Natanab,189.65,706.78
4,LTS Bowl - L1,Fozberry64,Fozberry64,189.4,640.9000000000001
4,LTS Bowl - L2,All roads,stephensear,186.79,656.72
4,LTS Bowl - L2,AJ's Animals ,TheManSoNice,184.55,619.37
4,LTS Bowl - L1,Chillin Like a McMillan,Klabbertrap,183.48,607.88
4,LTS Bowl - L1,Not Great Bob,tommcg17,180.99,654.96
4,LTS Bowl - L2,Byronchenko,Byronchenko,180.79,643.06
4,The Only Legitimate LTS Bowl League - L3,caemeron,caemeron,180.69,681.6899999999999
4,LTS Bowl - L2,Vandelay Industries,DGo81,179.06,649.4
4,The Only Legitimate LTS Bowl League - L3,Speaks Kindly Holds Knife,Deredactyl,174.96,661.6600000000001
4,LTS Bowl - L4,Shake and Bake,gogata12345,173.69,577.2
4,The Only Legitimate LTS Bowl League - L3,johnnysmomskid,johnnysmomskid,170.61,686.72
4,The Only Legitimate LTS Bowl League - L3,SycamoreFlynns,SycamoreFlynns,169.33,693.11
4,LTS Bowl - L4,West Coast Aunt,IreneTurner,166.78,658.74
4,LTS Bowl - L2,Crotch Crickets,jojodancer35,163.02,681.1800000000001
4,LTS Bowl - L1,ctjoumas,ctjoumas,162.41,709.95
4,LTS Bowl - L4,Bowers to your Sensei,Bmullin105,159.63,689.7
4,The Only Legitimate LTS Bowl League - L3,Turd Ferguson,TurdFergusonFF,156.32,616.39
4,LTS Bowl - L4,The Lib Owners,nak97,149.62,610.16
4,LTS Bowl - L1,Bad Faith Bad Fantasy,cptbeefalo,148.26,598.79
4,LTS Bowl - L1,Horsey Sauce,FeelingDangerouz,146.9,685.44
4,LTS Bowl - L4,Poop on the Cob,Joker1b,146.35,646.53
4,LTS Bowl - L2,Randomizer Intern Program,matthewdwood82,146.03,568.7
4,The Only Legitimate LTS Bowl League - L3,Egg Chasers,alexewart,145.18,632.8
4,LTS Bowl - L4,Chiotan Deck,apulianas,135.8,670.57
4,LTS Bowl - L1,Weagle85,Weagle85,132.67,580.73
4,LTS Bowl - L1,fromcutstobytes,fromcutstobytes,131.92,628.54
4,LTS Bowl - L2,Dr. Poop Show,Napper,131.77,586.09
4,LTS Bowl - L2,aspires,aspires,129.97,584.95
4,LTS Bowl - L2,The Huge Mistaeks,RipSlabcheek,129.41,640.5699999999999
4,The Only Legitimate LTS Bowl League - L3,The WOKE FAAB,reginaldo,128.61,662.84
4,LTS Bowl - L4,Trailing Daler,teamdaler,127.15,511.15
4,LTS Bowl - L1,Mr. High Tea,OhShagHennessy,120.67,672.9300000000001
3,The Only Legitimate LTS Bowl League - L3,SycamoreFlynns,SycamoreFlynns,212.26,523.78
3,The Only Legitimate LTS Bowl League - L3,Egg Chasers,alexewart,203.25,487.62
3,LTS Bowl - L1,Mr. High Tea,OhShagHennessy,200.15,552.26
3,LTS Bowl - L1,ctjoumas,ctjoumas,196.31,547.54
3,The Only Legitimate LTS Bowl League - L3,The WOKE FAAB,reginaldo,193.24,534.23
3,LTS Bowl - L1,Horsey Sauce,FeelingDangerouz,190.55,538.54
3,LTS Bowl - L2,All roads,stephensear,186.92,469.92999999999995
3,The Only Legitimate LTS Bowl League - L3,caemeron,caemeron,185.32,501
3,LTS Bowl - L4,Charity Cases,crackofdawn321,183.82,532.56
3,LTS Bowl - L4,Bowers to your Sensei,Bmullin105,178.6,530.0699999999999
3,LTS Bowl - L2,Crotch Crickets,jojodancer35,174.02,518.16
3,LTS Bowl - L4,West Coast Aunt,IreneTurner,169.35,491.96
3,LTS Bowl - L4,Poop on the Cob,Joker1b,169.02,500.18
3,LTS Bowl - L4,Chiotan Deck,apulianas,168.33,534.77
3,LTS Bowl - L2,The Huge Mistaeks,RipSlabcheek,167.1,511.15999999999997
3,LTS Bowl - L4,outshine13,outshine13,166.25,449.83
3,LTS Bowl - L2,Natanab,Natanab,166.16,517.13
3,LTS Bowl - L4,The Lib Owners,nak97,163.47,460.53999999999996
3,LTS Bowl - L1,fantasyscott,fantasyscott,162.36,484.11
3,LTS Bowl - L2,AJ's Animals ,TheManSoNice,161.12,434.82
3,The Only Legitimate LTS Bowl League - L3,johnnysmomskid,johnnysmomskid,160.37,516.11
3,LTS Bowl - L2,"Your Mother, Actually….",DrWraith84,159.86,488.59000000000003
3,LTS Bowl - L1,Not Great Bob,tommcg17,157.78,473.97
3,LTS Bowl - L1,Bad Faith Bad Fantasy,cptbeefalo,155.48,450.53
3,LTS Bowl - L2,Dr. Poop Show,Napper,155.34,454.32
3,LTS Bowl - L1,fromcutstobytes,fromcutstobytes,150.91,496.62
3,LTS Bowl - L1,Fozberry64,Fozberry64,150.24,451.5
3,LTS Bowl - L1,Chillin Like a McMillan,Klabbertrap,150.07,424.4
3,LTS Bowl - L2,Byronchenko,Byronchenko,149.38,462.27
3,The Only Legitimate LTS Bowl League - L3,Speaks Kindly Holds Knife,Deredactyl,140.71,486.70000000000005
3,LTS Bowl - L1,Not Sure,bartonscott84,140.28,442.82000000000005
3,LTS Bowl - L2,Vandelay Industries,DGo81,140.03,470.34000000000003
3,LTS Bowl - L2,Randomizer Intern Program,matthewdwood82,138.6,422.66999999999996
3,LTS Bowl - L2,aspires,aspires,137.61,454.98
3,LTS Bowl - L1,Weagle85,Weagle85,125.04,448.06
3,LTS Bowl - L4,Shake and Bake,gogata12345,124.61,403.51
3,The Only Legitimate LTS Bowl League - L3,Turd Ferguson,TurdFergusonFF,124.57,460.07
3,The Only Legitimate LTS Bowl League - L3,SOTBD,SOTBD,121.33,527.89
3,LTS Bowl - L4,Trailing Daler,teamdaler,121.24,384
2,LTS Bowl - L4,Chiotan Deck,apulianas,238.18,366.44
2,The Only Legitimate LTS Bowl League - L3,SOTBD,SOTBD,199.93,406.56
2,LTS Bowl - L1,Horsey Sauce,FeelingDangerouz,197.12,347.99
2,LTS Bowl - L4,The New Age Process,armandoguzman,192.14,337.86
2,The Only Legitimate LTS Bowl League - L3,johnnysmomskid,johnnysmomskid,188.11,355.74
2,The Only Legitimate LTS Bowl League - L3,The WOKE FAAB,reginaldo,183.83,340.99
2,LTS Bowl - L1,fantasyscott,fantasyscott,175.58,321.75
2,LTS Bowl - L1,ctjoumas,ctjoumas,174.33,351.23
2,The Only Legitimate LTS Bowl League - L3,Speaks Kindly Holds Knife,Deredactyl,170.83,345.99
2,The Only Legitimate LTS Bowl League - L3,SycamoreFlynns,SycamoreFlynns,164.41,311.52
2,LTS Bowl - L4,Charity Cases,crackofdawn321,162.45,348.74
2,LTS Bowl - L1,fromcutstobytes,fromcutstobytes,162.06,345.71000000000004
2,LTS Bowl - L2,aspires,aspires,161.69,317.37
2,LTS Bowl - L2,Natanab,Natanab,159.5,350.97
2,LTS Bowl - L2,"Your Mother, Actually….",DrWraith84,154.9,328.73
2,LTS Bowl - L1,Fozberry64,Fozberry64,154.24,301.26
2,LTS Bowl - L2,Vandelay Industries,DGo81,154.1,330.31
2,LTS Bowl - L2,Crotch Crickets,jojodancer35,153.89,344.14
2,LTS Bowl - L2,Randomizer Intern Program,matthewdwood82,153.65,284.07
2,LTS Bowl - L1,Not Sure,bartonscott84,151.46,302.54
2,LTS Bowl - L2,Byronchenko,Byronchenko,150.59,312.89
2,LTS Bowl - L2,All roads,stephensear,148.25,283.01
2,The Only Legitimate LTS Bowl League - L3,caemeron,caemeron,147.67,315.67999999999995
2,LTS Bowl - L4,Poop on the Cob,Joker1b,146.07,331.15999999999997
2,LTS Bowl - L4,West Coast Aunt,IreneTurner,141.41,322.61
2,LTS Bowl - L4,Bowers to your Sensei,Bmullin105,141.25,351.47
2,LTS Bowl - L2,Dr. Poop Show,Napper,140.84,298.98
2,LTS Bowl - L2,The Huge Mistaeks,RipSlabcheek,140.29,344.06
2,LTS Bowl - L1,Weagle85,Weagle85,137.06,323.02
2,LTS Bowl - L1,Not Great Bob,tommcg17,136.93,316.19
2,LTS Bowl - L1,Bad Faith Bad Fantasy,cptbeefalo,136.25,295.05
2,LTS Bowl - L1,Mr. High Tea,OhShagHennessy,135.75,352.11
2,The Only Legitimate LTS Bowl League - L3,Turd Ferguson,TurdFergusonFF,135.57,335.5
2,LTS Bowl - L1,Becoming an LTS Bowl Bro,arthurdantas,131.52,278.90999999999997
2,LTS Bowl - L4,Trailer Park Pimpin',JusCasKarDad,127,273.93
2,The Only Legitimate LTS Bowl League - L3,Egg Chasers,alexewart,123.83,284.37
2,LTS Bowl - L4,outshine13,outshine13,123.8,283.58
2,LTS Bowl - L1,Chillin Like a McMillan,Klabbertrap,122.07,274.33
2,LTS Bowl - L4,The Lib Owners,nak97,121.6,297.07
2,LTS Bowl - L4,Trailing Daler,teamdaler,120.54,262.76
2,LTS Bowl - L4,Shake and Bake,gogata12345,118.26,278.9
2,LTS Bowl - L2,AJ's Animals ,TheManSoNice,114.73,273.7
1,LTS Bowl - L1,Mr. High Tea,OhShagHennessy,216.36,216.36
1,LTS Bowl - L4,Bowers to your Sensei,Bmullin105,210.22,210.22
1,The Only Legitimate LTS Bowl League - L3,SOTBD,SOTBD,206.63,206.63
1,LTS Bowl - L2,The Huge Mistaeks,RipSlabcheek,203.77,203.77
1,The Only Legitimate LTS Bowl League - L3,Turd Ferguson,TurdFergusonFF,199.93,199.93
1,LTS Bowl - L2,Natanab,Natanab,191.47,191.47
1,LTS Bowl - L2,Crotch Crickets,jojodancer35,190.25,190.25
1,LTS Bowl - L4,Charity Cases,crackofdawn321,186.29,186.29
1,LTS Bowl - L1,Weagle85,Weagle85,185.96,185.96
1,LTS Bowl - L4,Poop on the Cob,Joker1b,185.09,185.09
1,LTS Bowl - L1,fromcutstobytes,fromcutstobytes,183.65,183.65
1,LTS Bowl - L4,West Coast Aunt,IreneTurner,181.2,181.2
1,LTS Bowl - L1,Not Great Bob,tommcg17,179.26,179.26
1,LTS Bowl - L1,ctjoumas,ctjoumas,176.9,176.9
1,LTS Bowl - L2,Vandelay Industries,DGo81,176.21,176.21
1,LTS Bowl - L4,The Lib Owners,nak97,175.47,175.47
1,The Only Legitimate LTS Bowl League - L3,Speaks Kindly Holds Knife,Deredactyl,175.16,175.16
1,LTS Bowl - L2,"Your Mother, Actually….",DrWraith84,173.83,173.83
1,The Only Legitimate LTS Bowl League - L3,caemeron,caemeron,168.01,168.01
1,The Only Legitimate LTS Bowl League - L3,johnnysmomskid,johnnysmomskid,167.63,167.63
1,LTS Bowl - L2,Byronchenko,Byronchenko,162.3,162.3
1,The Only Legitimate LTS Bowl League - L3,39ers,tripp39,161.63,161.63
1,LTS Bowl - L4,Shake and Bake,gogata12345,160.64,160.64
1,The Only Legitimate LTS Bowl League - L3,Egg Chasers,alexewart,160.54,160.54
1,LTS Bowl - L4,outshine13,outshine13,159.78,159.78
1,LTS Bowl - L2,AJ's Animals ,TheManSoNice,158.97,158.97
1,LTS Bowl - L1,Bad Faith Bad Fantasy,cptbeefalo,158.8,158.8
1,The Only Legitimate LTS Bowl League - L3,WilhelmTilt,ringular,158.51,158.51
1,LTS Bowl - L2,Dr. Poop Show,Napper,158.14,158.14
1,The Only Legitimate LTS Bowl League - L3,The WOKE FAAB,reginaldo,157.16,157.16
1,LTS Bowl - L2,aspires,aspires,155.68,155.68
1,The Only Legitimate LTS Bowl League - L3,Closet Poopers,coots1185,153.35,153.35
1,LTS Bowl - L1,Chillin Like a McMillan,Klabbertrap,152.26,152.26
1,LTS Bowl - L1,Not Sure,bartonscott84,151.08,151.08
1,LTS Bowl - L1,Horsey Sauce,FeelingDangerouz,150.87,150.87
1,LTS Bowl - L1,Becoming an LTS Bowl Bro,arthurdantas,147.39,147.39
1,The Only Legitimate LTS Bowl League - L3,SycamoreFlynns,SycamoreFlynns,147.11,147.11
1,LTS Bowl - L1,Fozberry64,Fozberry64,147.02,147.02
1,LTS Bowl - L4,Trailer Park Pimpin',JusCasKarDad,146.93,146.93
1,LTS Bowl - L1,fantasyscott,fantasyscott,146.17,146.17
1,LTS Bowl - L4,The New Age Process,armandoguzman,145.72,145.72
1,LTS Bowl - L4,Trailing Daler,teamdaler,142.22,142.22
1,LTS Bowl - L2,All roads,stephensear,134.76,134.76
1,LTS Bowl - L2,Randomizer Intern Program,matthewdwood82,130.42,130.42
1,LTS Bowl - L4,Chiotan Deck,apulianas,128.26,128.26
