Team,Total Points For,Total Points Against,League
Mr. High Tea,552.26,434.49,LTS Bowl - L1
ctjoumas,547.54,448.31,LTS Bowl - L1
Horsey Sauce,538.54,466.08000000000004,LTS Bowl - L1
Chiotan Deck,534.77,402.08,LTS Bowl - L4
The WOKE FAAB,534.23,470.39,The Only Legitimate LTS Bowl League - L3
Charity Cases,532.56,490.69,LTS Bowl - L4
Bowers to your Sensei,530.0699999999999,479.83,LTS Bowl - L4
SOTBD,527.89,481.19,The Only Legitimate LTS Bowl League - L3
SycamoreFlynns,523.78,452.56,The Only Legitimate LTS Bowl League - L3
Crotch Crickets,518.16,388.09,LTS Bowl - L2
Natanab,517.13,465.88,LTS Bowl - L2
johnnysmomskid,516.11,506.83,The Only Legitimate LTS Bowl League - L3
The Huge Mistaeks,511.15999999999997,449.78,LTS Bowl - L2
caemeron,501,403.06,The Only Legitimate LTS Bowl League - L3
Poop on the Cob,500.18,434.32,LTS Bowl - L4
DeadEndFriends,499.97,465.05,LTS Bowl - L2
fromcutstobytes,496.62,440.55,LTS Bowl - L1
West Coast Aunt,491.96,398.94,LTS Bowl - L4
"Your Mother, Actually….",488.59000000000003,479.72,LTS Bowl - L2
Egg Chasers,487.62,497.55,The Only Legitimate LTS Bowl League - L3
Speaks Kindly Holds Knife,486.70000000000005,573.8199999999999,The Only Legitimate LTS Bowl League - L3
fantasyscott,484.11,477.88,LTS Bowl - L1
Not Great Bob,473.97,441.23,LTS Bowl - L1
Vandelay Industries,470.34000000000003,479.67,LTS Bowl - L2
All roads,469.92999999999995,528.65,LTS Bowl - L2
Byronchenko,462.27,478.4,LTS Bowl - L2
The Lib Owners,460.53999999999996,540.28,LTS Bowl - L4
Turd Ferguson,460.07,443.37,The Only Legitimate LTS Bowl League - L3
aspires,454.98,391.56,LTS Bowl - L2
Dr. Poop Show,454.32,510.90999999999997,LTS Bowl - L2
Greenhorns,453.98,498.86,The Only Legitimate LTS Bowl League - L3
Fozberry64,451.5,470.78,LTS Bowl - L1
Bad Faith Bad Fantasy,450.53,454.12,LTS Bowl - L1
outshine13,449.83,516.25,LTS Bowl - L4
Weagle85,448.06,531.29,LTS Bowl - L1
Not Sure,442.82000000000005,539.6,LTS Bowl - L1
The New Age Process,440.48,388.59000000000003,LTS Bowl - L4
AJ's Animals ,434.82,533.94,LTS Bowl - L2
SLOPPY STEAKS,426.1,388.56,LTS Bowl - L4
Chillin Like a McMillan,424.4,475.44000000000005,LTS Bowl - L1
Randomizer Intern Program,422.66999999999996,532.69,LTS Bowl - L2
Shake and Bake,403.51,567.31,LTS Bowl - L4
WilhelmTilt,396.44,408.23,The Only Legitimate LTS Bowl League - L3
Closet Poopers,385.5,463.89,The Only Legitimate LTS Bowl League - L3
Trailing Daler,384,454.01,LTS Bowl - L4
Trailer Park Pimpin',380.55,473.69,LTS Bowl - L4
Becoming an LTS Bowl Bro,378.19,508.77,LTS Bowl - L1
39ers,373.83,447.4,The Only Legitimate LTS Bowl League - L3
