Week,Category,League,Awardee,Opponent,Awardee Score,Opponent Score,Difference
4,Biggest Blowout,LTS Bowl - L2,Natanab,"Your Mother, Actually….",189.65,120.28,69.37
4,Narrowest Win,LTS Bowl - L2,DeadEndFriends,Randomizer Intern Program,146.56,146.03,0.5300000000000011
4,Fewest Points in Win,The Only Legitimate LTS Bowl League - L3,Egg Chasers,39ers,145.18,133.92,11.26000000000002
4,Most Points in Loss,LTS Bowl - L4,Bowers to your Sensei,Trailer Park Pimpin',159.63,205.04,45.41
4,Highest Score,LTS Bowl - L4,Trailer Park Pimpin',Bowers to your Sensei,205.04,159.63,45.41
4,Lowest Score,LTS Bowl - L4,The New Age Process,West Coast Aunt,107.51,166.78,59.269999999999996
3,Biggest Blowout,LTS Bowl - L1,Mr. High Tea,Weagle85,200.15,125.04,75.11
3,Narrowest Win,LTS Bowl - L1,Fozberry64,Chillin Like a McMillan,150.24,150.07,0.17000000000001592
3,Fewest Points in Win,The Only Legitimate LTS Bowl League - L3,Turd Ferguson,39ers,124.57,98.1,26.47
3,Most Points in Loss,The Only Legitimate LTS Bowl League - L3,Speaks Kindly Holds Knife,SycamoreFlynns,140.71,212.26,71.54999999999998
3,Highest Score,The Only Legitimate LTS Bowl League - L3,SycamoreFlynns,Speaks Kindly Holds Knife,212.26,140.71,71.54999999999998
3,Lowest Score,The Only Legitimate LTS Bowl League - L3,39ers,Turd Ferguson,98.1,124.57,26.47
2,Biggest Blowout,LTS Bowl - L4,Chiotan Deck,Shake and Bake,238.18,118.26,119.92
2,Narrowest Win,LTS Bowl - L2,"Your Mother, Actually….",Randomizer Intern Program,154.9,153.65,1.25
2,Fewest Points in Win,The Only Legitimate LTS Bowl League - L3,WilhelmTilt,Closet Poopers,110.11,85.52,24.590000000000003
2,Most Points in Loss,LTS Bowl - L4,Shake and Bake,Chiotan Deck,118.26,238.18,119.92
2,Highest Score,LTS Bowl - L4,Chiotan Deck,Shake and Bake,238.18,118.26,119.92
2,Lowest Score,The Only Legitimate LTS Bowl League - L3,Closet Poopers,WilhelmTilt,85.52,110.11,24.590000000000003
1,Biggest Blowout,The Only Legitimate LTS Bowl League - L3,SOTBD,Greenhorns,206.63,125.04,81.58999999999999
1,Narrowest Win,The Only Legitimate LTS Bowl League - L3,caemeron,johnnysmomskid,168.01,167.63,0.37999999999999545
1,Fewest Points in Win,LTS Bowl - L4,The New Age Process,SLOPPY STEAKS,145.72,96.46,49.260000000000005
1,Most Points in Loss,LTS Bowl - L1,Becoming an LTS Bowl Bro,Mr. High Tea,147.39,216.36,68.97000000000003
1,Highest Score,LTS Bowl - L1,Mr. High Tea,Becoming an LTS Bowl Bro,216.36,147.39,68.97000000000003
1,Lowest Score,LTS Bowl - L4,SLOPPY STEAKS,The New Age Process,96.46,145.72,49.260000000000005
